Name,Category,Ingredients
Spaghetti with Lobster, First Courses, "[['Spaghetti', '400g'], ['Lobster', '1kg'], ['Shallot', '50g'], ['Garlic', '2'], [""Extra Virgin Olive Oil"", '30g'], ['Parsley', '30g'], ['Tomato Puree', '750g'], ['White Wine', '60g'], ['Fine Salt', 'to taste'], ['Black Pepper', 'to taste']]"
Lasagna Bolognese,Main courses,"[['Remilled durum wheat semolina', '350g'], ['Flour', '150g'], ['Spinach', '250g'], ['Eggs', '2'], ['Egg yolks', '3'], ['Beef', '300g'], ['Pancetta', '150g'], ['Carrots', '50g'], ['Celery', '50g'], ['Golden onions', '50g'], ['Red wine', '100g'], ['Tomato sauce', '300g'], ['Vegetable broth', 'to taste'], ['Extra virgin olive oil', '1 tablespoon'], ['Fine salt', 'to taste'], ['Black pepper', 'to taste'], ['Butter', '70g'], ['Flour', '70g'], ['Whole milk', '1l'], ['Fine salt', 'to taste'], ['Nutmeg', 'to taste'], ['Butter', 'to taste'], ['Parmigiano Reggiano PDO', '270g']]"
Tiramisu,Desserts,"[['Mascarpone', '750g'], ['Eggs', '260g'], ['Ladyfingers', '250g'], ['Sugar', '120g'], ['Coffee', '300g'], ['Unsweetened cocoa powder', 'to taste']]"
Cookies,Desserts,"[['Flour', '195g'], ['Butter', '100g'], ['Baking soda', '1 pinch'], ['Eggs', '55g'], ['Brown sugar', '100g'], ['Sugar', '100g'], ['Dark chocolate chips', '200g'], ['Fine salt', '1 pinch']]"
Pancakes with Maple Syrup,Desserts,"[['Butter', '25g'], ['Flour', '125g'], ['Eggs', '2'], ['Whole milk', '200g'], ['Baking powder', '6g'], ['Sugar', '15g'], ['Maple syrup', 'to taste']]"
Mascarpone Cream,Desserts,"[['Mascarpone', '500g'], ['Sugar', '125g'], ['Egg yolks', '4'], ['Water', '50g'], ['Unsweetened cocoa powder', 'to taste']]"
Sweet and Savory Crepes (Basic Recipe),Desserts,"[['Eggs', '3'], ['Flour', '250g'], ['Whole milk', '500ml'], ['Butter', 'to taste']]"
Pizza Dough,Leavened,"[['Manitoba flour', '200g'], ['Flour', '300g'], ['Water', '300ml'], ['Fine salt', '10g'], ['Fresh yeast', '54g']]"
Spaghetti Carbonara,Main courses,"[['Spaghetti', '320g'], ['Guanciale', '150g'], ['Egg yolks', '6'], ['Pecorino Romano', '50g'], ['Black pepper', 'to taste']]"
Molten Chocolate Cake,Desserts,"[['70% dark chocolate', '110g'], ['Butter', '110g'], ['Eggs', '120g'], ['Sugar', '40g'], ['Flour', '25g'], ['Butter', 'to taste'], ['Flour', 'to taste'], ['Powdered sugar', 'to taste']]"
Pastry Cream,Desserts,"[['Whole milk', '500g'], ['Sugar', '130g'], ['Egg yolks', '125g'], ['Rice starch', '40g'], ['Vanilla pod', '2'], ['Lemon zest', '½']]"
Spaghetti with Clams,Main courses,"[['Spaghetti', '320g'], ['Clams', '1kg'], ['Garlic', '1'], ['Parsley', '1'], ['Extra virgin olive oil', 'to taste'], ['Black pepper', 'to taste'], ['Fine salt', 'to taste'], ['Coarse salt', 'to taste']]"
Braised Beef in Barolo,Main courses,"[['Beef', '1kg'], ['Barolo wine', '750ml'], ['Carrots', '160g'], ['Celery', '100g'], ['Golden onions', '180g'], ['Garlic', '1'], ['Rosemary', '1'], ['Bay leaves', '2'], ['Cloves', '3'], ['Black peppercorns', '4'], ['Cinnamon stick', '1'], ['Butter', '15g'], ['Extra virgin olive oil', '50g'], ['Fine salt', 'to taste']]"
Chocolate Chip Muffins,Desserts,"[['Butter', '125g'], ['Flour', '265g'], ['Sugar', '135g'], ['Whole milk', '135g'], ['Eggs', '110g'], ['Dark chocolate chips', '100g'], ['Vanilla pod', '1'], ['Baking soda', '1 teaspoon'], ['Fine salt', '1 pinch'], ['Baking powder', '10g']]"
Spaghetti Amatriciana,Main courses,"[['Spaghetti', '320g'], ['Peeled tomatoes', '400g'], ['Guanciale', '150g'], ['Pecorino Romano', '75g'], ['Fine salt', 'to taste'], ['Extra virgin olive oil', 'to taste'], ['Fresh chili pepper', '1'], ['White wine', '50g']]"
Sicilian Cannoli,Desserts,"[['Flour', '260g'], ['Sugar', '20g'], ['Lard', '30g'], ['Unsweetened cocoa powder', '5g'], ['Fine salt', '1 teaspoon'], ['Eggs', '20g'], ['White wine vinegar', '10g'], ['Marsala wine', '60g'], ['Sheep ricotta', '1kg'], ['Sugar', '130g'], ['Dark chocolate chips', '80g'], ['Eggs', 'to taste'], ['Seed oil', '1l'], ['Candied cherries', 'to taste'], ['Powdered sugar', 'to taste'], ['Chopped pistachios', 'to taste'], ['Candied orange', 'to taste']]"
Tenerina Cake,Desserts,"[['Dark chocolate', '200g'], ['Butter', '100g'], ['Eggs', '4'], ['Sugar', '150g'], ['Flour', '50g'], ['Powdered sugar', 'to taste']]"
Brownies,Desserts,"[['Dark chocolate', '265g'], ['Eggs', '200g'], ['Blanched whole hazelnuts', '175g'], ['Butter', '135g'], ['Flour', '135g'], ['Sugar', '255g'], ['Fine salt', '1 pinch']]"
Baked Potatoes,Sides,"[['Potatoes', '1kg'], ['Rosemary', '2 sprigs'], ['Garlic', '2 cloves'], ['Extra virgin olive oil', '30g'], ['Fine salt', 'to taste'], ['Thyme', '2 sprigs'], ['Extra virgin olive oil', 'to taste']]"
Fresh Egg Pasta (Dough and Shapes),Main courses,"[['Eggs', '4'], ['Flour', '400g']]"
Wine Cookies,Desserts,"[['White wine', '135g'], ['Flour', '500g'], ['Seed oil', '125g'], ['Sugar', '150g'], ['Anise seeds', '½ teaspoon'], ['Baking powder', '8g'], ['Fine salt', '1 pinch'], ['Sugar', 'to taste']]"
Gratinated Scallops,Appetizers,"[['Scallops', '8'], ['Bread', '100g'], ['Black pepper', 'to taste'], ['Fine salt', 'to taste'], ['Extra virgin olive oil', '40g'], ['Lemon zest', '1'], ['Parsley', 'to taste'], ['Thyme', 'to taste'], ['Marjoram', 'to taste']]"
Roast Beef,Main courses,"[['Beef sirloin', '1kg'], ['Salt', 'to taste'], ['Black pepper', 'to taste'], ['Extra virgin olive oil', '30g'], ['Garlic', '1'], ['Thyme', 'to taste'], ['Rosemary', 'to taste'], ['Sage', 'to taste'], ['Vegetable broth', '1 glass']]"
Fluffy Brioche Leavened Cake,Desserts,"[['Manitoba flour', '165g'], ['Flour', '165g'], ['Eggs', '165g'], ['Whole milk', '40g'], ['Butter', '165g'], ['Caster sugar', '45g'], ['Vanilla extract', '1 teaspoon'], ['Orange juice', '20g'], ['Fresh yeast', '10g'], ['Fine salt', '3g'], ['Orange zest', 'to taste'], ['Butter', 'to taste'], ['Flour', 'to taste'], ['Powdered sugar', 'to taste']]"
Pizza,Main courses,"[['Pizza dough', '1 batch'], ['Tomato puree', '250g'], ['Mozzarella cheese', '300g'], ['Extra virgin olive oil', 'to taste'], ['Basil', 'to taste'], ['Fine salt', 'to taste']]"
Tuna and Ricotta Balls, Second Courses, "[[""Canned Tuna"", '230g'], ['Cow's Ricotta', '200g'], ['Anchovies', '20g'], ['Salted Capers', '20g'], ['Breadcrumbs', '50g'], ['Parsley', '8g'], ['Eggs', '2'], ['Parmigiano Reggiano DOP', '50g'], ['Fine Salt', 'to taste'], ['Black Pepper', 'to taste'], ['Breadcrumbs', '40g'], ['Peanut Oil', 'to taste']]"
Pumpkin Cream, First Courses, "[['Pumpkin', '1kg'], ['Potatoes', '200g'], ['Vegetable Broth', '1l'], ['White Onions', '80g'], ['Black Pepper', 'a pinch'], ['Salt', 'a pinch'], [""Extra Virgin Olive Oil"", '60g'], ['Ground Cinnamon', 'a pinch'], ['Nutmeg', 'a pinch'], [""Extra Virgin Olive Oil"", '30g'], ['Homemade Bread', '100g']]"
Calamarata, First Courses, "[['Calamarata Pasta', '400g'], ['Squid', '600g'], ['Garlic', '1'], ['Fresh Chili', '1'], ['Parsley', '1'], ['Cherry Tomatoes', '400g'], ['White Wine', '60g'], ['Triple Concentrated Tomato Paste', '25g'], ['Salt', 'to taste'], ['Black Pepper', 'to taste'], [""Extra Virgin Olive Oil"", 'to taste']]"
Cannelloni, First Courses, "[['Flour', '100g'], ['Eggs', '1'], ['Whole Milk', '300g'], ['Butter', '20g'], ['Flour', '20g'], ['Nutmeg', 'to taste'], ['Fine Salt', 'a pinch'], ['Sausage', '200g'], ['Beef', '300g'], ['Parmigiano Reggiano DOP', '100g'], [""Extra Virgin Olive Oil"", 'to taste'], ['Onions', '80g'], ['Celery', '60g'], ['Carrots', '80g'], ['Red Wine', '50g'], ['Fine Salt', 'a pinch'], ['Black Pepper', 'a pinch'], ['Tomato Puree', '300g'], ['Parmigiano Reggiano DOP', '15g']]"
Shortcrust Pastry, Desserts, "[['Eggs', '110g'], ['Flour', '500g'], ['Powdered Sugar', '200g'], ['Butter', '250g'], ['Lemon Zest', '1']]"
Savory Croissants, Appetizers, "[['Puff Pastry', '460g'], ['Rolled Bacon', '50g'], ['Edam Cheese', '50g'], ['Sesame Seeds', '1 tablespoon'], ['Smoked Salmon', '100g'], ['Robiola Cheese', '50g'], ['Parsley', 'to taste'], ['Basil', 'to taste'], ['Black Sesame Seeds', '1 tablespoon'], ['Egg Yolks', '1'], ['Whole Milk', 'to taste'], ['Water', 'to taste']]"
Spaghetti with Seafood, First Courses, "[['Spaghetti', '320g'], ['Mussels', '1kg'], ['Clams', '1kg'], ['Squid', '300g'], ['Scampi', '8'], ['Cherry Tomatoes', '300g'], [""Extra Virgin Olive Oil"", '4'], ['Garlic', '1'], ['Parsley', '1'], ['White Wine', '40g'], ['Fine Salt', 'to taste'], ['Black Pepper', 'to taste']]"
Bread Dough, Leavened, "[['Manitoba Flour', '150g'], ['Flour', '350g'], ['Water', '350g'], ['Fresh Yeast', '7g'], ['Fine Salt', '8g'], ['Malt', '1 teaspoon']]"
Genoese Focaccia (Fügassa), Leavened, "[['Flour', '400g'], ['Manitoba Flour', '250g'], ['Water', '335g'], ['Fine Salt', '13g'], ['Malt', '10g'], ['Fresh Yeast', '18g'], [""Extra Virgin Olive Oil"", '30g'], [""Extra Virgin Olive Oil"", '30g'], [""Extra Virgin Olive Oil"", '60g'], ['Salt', '10g'], ['Water', '200g']]"
Chocolate Muffins, Desserts, "[['Unsweetened Cocoa Powder', '70g'], ['Flour', '300g'], ['Sugar', '300g'], ['Butter', '150g'], ['Dark Chocolate', '100g'], ['Eggs', '220g'], ['Whole Milk', '180g'], ['Baking Powder', '6g'], ['Baking Soda', '2g']]"
Meatballs in Sauce, Second Courses, "[['Beef', '220g'], ['Sausage', '165g'], ['Stale Bread', '30g'], ['Parmigiano Reggiano DOP', '25g'], ['Eggs', '1'], ['Parsley', '1 tablespoon'], ['Oregano', 'a pinch'], ['Nutmeg', 'a pinch'], ['Fine Salt', 'to taste'], ['Black Pepper', 'to taste'], [""Extra Virgin Olive Oil"", 'to taste'], ['Tomato Puree', '350g'], ['Water', '50g'], ['Fine Salt', '5g'], ['Oregano', 'to taste'], ['Black Pepper', 'to taste']]"
Potato Gnocchi, First Courses, "[['Red Potatoes', '1kg'], ['Flour', '300g'], ['Eggs', '1'], ['Fine Salt', 'to taste'], ['Semolina Flour', 'to taste'], ['Red Potatoes', '1kg'], ['Flour', '350g'], ['Fine Salt', '15g'], ['Semolina Flour', 'to taste']]"
Sorrento Gnocchi, First Courses, "[['Red Potatoes', '1kg'], ['Flour', '300g'], ['Eggs', '1'], ['Fine Salt', 'to taste'], ['Semolina', 'to taste'], ['Tomato Puree', '600g'], ['Basil', '6'], ['Garlic', '1'], [""Extra Virgin Olive Oil"", 'to taste'], ['Fine Salt', 'to taste'], ['Mozzarella', '250g'], ['Parmigiano Reggiano DOP', '70g']]"
Steamed Chinese Ravioli, First Courses, "[['Flour', '250g'], ['Water', '115g'], ['Fine Salt', 'a pinch'], ['Pork', '250g'], ['Cabbage', '80g'], ['Green Onions', '30g'], ['Water', '40g'], ['Rice Wine', '10g'], ['Soy Sauce', '2'], ['Fine Salt', 'to taste'], ['White Pepper', 'to taste'], ['Cabbage', '1']]"
Soft Focaccia, Leavened, "[['Flour', '500g'], ['Water', '300g'], [""Extra Virgin Olive Oil"", '20g'], ['Fine Salt', '5g'], ['Fresh Yeast', '4g'], ['Flakes of Salt', 'to taste'], ['Rosemary', 'to taste'], [""Extra Virgin Olive Oil"", '30g'], ['Water', '15g'], [""Extra Virgin Olive Oil"", 'to taste']]"
Ricotta and Spinach Cannelloni, First Courses, "[['Flour', '100g'], ['Eggs', '55g'], ['Spinach', '250g'], ['Cow's Ricotta', '150g'], ['Eggs', '1'], ['Garlic', '1'], [""Extra Virgin Olive Oil"", 'to taste'], ['Grana Padano DOP', '50g'], ['Nutmeg', 'a pinch'], ['Black Pepper', 'to taste'], ['Fine Salt', 'to taste'], ['Whole Milk', '500g'], ['Flour', '37g'], ['Butter', '50g'], ['Fine Salt', 'a pinch'], ['Nutmeg', 'to taste'], ['Black Pepper', 'a pinch'], ['Grana Padano DOP', 'to taste']]"
Chickpea Frittata, Savory Pies, "[['Water', '900ml'], ['Chickpea Flour', '300g'], [""Extra Virgin Olive Oil"", '50g'], ['Fine Salt', '10g'], [""Extra Virgin Olive Oil"", '70g']]"
Caprese Cake, Desserts, "[['Dark Chocolate 50%', '170g'], ['Peeled Almonds', '85g'], ['Peeled Hazelnuts', '85g'], ['Powdered Sugar', '170g'], ['Butter', '170g'], ['Potato Starch', '25g'], ['Unsweetened Cocoa Powder', '14g'], ['Egg Whites', '148g'], ['Egg Yolks', '85g'], ['Baking Powder', '4g'], ['Vanilla Bean', '½'], ['Fine Salt', 'a pinch'], ['Powdered Sugar', 'to taste']]"
Pumpkin Velouté, First Courses, "[['Vegetable Broth', '800g'], ['Fine Salt', 'to taste'], ['Black Pepper', 'to taste'], ['Nutmeg', 'a pinch'], ['Leeks', '130g'], ['Pumpkin', '1kg'], ['Fresh Liquid Cream', '100g'], [""Extra Virgin Olive Oil"", '40g']]"
Shrimp Cocktail, Appetizers, "[['Shrimp', '16'], ['Iceberg Lettuce', '60g'], ['Lemons', '4'], ['Egg Yolks', '1'], ['Sunflower Oil', '120g'], ['Lemon Juice', '15g'], ['Fine Salt', 'to taste'], ['Black Pepper', 'to taste'], ['Ketchup', '45g'], ['Worcestershire Sauce', '1 teaspoon'], ['Tabasco®', 'to taste'], ['Brandy', '1 teaspoon']]"
Veal Stew with Potatoes, Second Courses, "[['Veal', '1kg'], ['Potatoes', '1kg'], ['Carrots', '1'], ['Celery', '1'], ['White Onions', '1'], [""Extra Virgin Olive Oil"", '20g'], ['Beef Broth', '1l'], ['Fine Salt', 'to taste'], ['Black Pepper', 'to taste'], ['Flour', '20g'], ['White Wine', '50g'], ['Sage', '1'], ['Rosemary', '1'], ['Thyme', '1']]"
Red Velvet Cake, Desserts, "[['Butter', '150g'], ['Sugar', '375g'], ['Eggs', '120g'], ['Fine Salt', '5g'], ['Vanilla Bean', '1'], ['Food Coloring', '30g'], ['Unsweetened Cocoa Powder', '50g'], ['Natural Plain Yogurt', '300g'], ['Flour', '375g'], ['Baking Powder', '10g'], ['White Wine Vinegar', '30g'], ['Cream Cheese', '525g'], ['Butter', '150g'], ['Powdered Sugar', '300g'], ['Lemon Zest', '1'], ['Raspberries', 'to taste'], ['Edible Gold', 'to taste'], ['Meringues', 'to taste']]"
Cinnamon Rolls, Leavened, "[['Sugar', '60g'], ['Flour', '615g'], ['Dry Yeast', '5g'], ['Fine Salt', '5g'], ['Water', '120g'], ['Whole Milk', '120g'], ['Butter', '80g'], ['Eggs', '55g'], ['Sugar', '110g'], ['Ground Cinnamon', '15g'], ['Butter', '15g'], ['Powdered Sugar', '200g'], ['Water', 'to taste']]"
Chocolate Profiteroles, Desserts, "[['Water', '62g'], ['Whole Milk', '62g'], ['Butter', '55g'], ['Fine Salt', '3g'], ['Sugar', '8g'], ['Flour', '77g'], ['Eggs', '120g'], ['Egg Yolks', '1'], ['Water', 'to taste'], ['Fresh Liquid Cream', '250g'], ['Powdered Sugar', '50g'], ['Vanilla Bean', '1'], ['Water', '200g'], ['Dark Chocolate', '450g'], ['Fresh Liquid Cream', '80g'], ['Sugar', '150g'], ['Flakes of Salt', '1 pinch']]"
Panettone with Yeast, Leavened, "[['Manitoba Flour', '50g'], ['Fresh Yeast', '3g'], ['Malt', '1 teaspoon'], ['Whole Milk', '30g'], ['Manitoba Flour', '25g'], ['Flour', '110g'], ['Fresh Yeast', '4g'], ['Eggs', '85g'], ['Sugar', '40g'], ['Butter', '45g'], ['Flour', '75g'], ['Eggs', '53g'], ['Egg Yolks', '30g'], ['Sugar', '50g'], ['Butter', '45g'], ['Lemon Zest', '1'], ['Vanilla Bean', '1'], ['Candied Orange', '20g'], ['Candied Citron', '20g'], ['Raisins', '60g'], ['Fine Salt', '3g'], ['Butter', 'to taste']]"
Ricotta and Spinach Ravioli, First Courses, "[['Flour', '250g'], ['Eggs', '1124g'], ['Semolina', 'to taste'], ['Spinach', '250g'], ['Cow's Ricotta', '125g'], ['Parmigiano Reggiano DOP', '50g'], ['Nutmeg', 'to taste'], ['Fine Salt', 'to taste'], ['Black Pepper', 'to taste']]"
Gratin Onion Soup, First Courses, "[['Golden Onions', '500g'], ['Beef Broth', '1l'], ['Butter', '50g'], [""Extra Virgin Olive Oil"", '30g'], ['Flour', '20g'], ['Sugar', '5g'], ['Black Pepper', 'to taste'], ['Fine Salt', 'to taste'], ['Baguette', '8'], ['Emmental', '100g']]"
Cantonese Rice, First Courses, "[['Ribe Rice', '200g'], ['Peas', '50g'], ['Cooked Ham', '30g'], ['Eggs', '2'], ['Water', 'to taste'], ['Rice Wine', 'to taste'], ['Peanut Oil', 'to taste'], ['Chives', 'to taste'], ['Fine Salt', 'to taste']]"
Christmas Almond Cookies, Desserts, "[['Flour', '300g'], ['Almond Flour', '120g'], ['Sugar', '120g'], ['Butter', '180g'], ['Egg Yolks', '2'], ['Vanilla Bean', '1'], ['Egg Whites', '1'], ['Powdered Sugar', '120g']]"
Pasta alla Gricia, First Courses, "[['Rigatoni', '320g'], ['Guanciale', '250g'], ['Pecorino Romano', '60g'], ['Fine Salt', 'to taste']]"
Chocolate Salami, Desserts, "[['Dark Chocolate', '200g'], ['Butter', '100g'], ['Dry Biscuits', '100g'], ['Sugar', '150g'], ['Rum', '10g'], ['Unsweetened Cocoa Powder', '10g'], ['Powdered Sugar', 'to taste']]"
Ricotta Tart, Desserts, "[['Powdered Sugar', '140g'], ['Flour', '350g'], ['Egg Yolks', '2'], ['Butter', '220g'], ['Lemon Zest', '1'], ['Cow's Ricotta', '500g'], ['Sugar', '175g'], ['Egg Yolks', '2'], [""Orange Zest"", '1'], ['Ground Cinnamon', 'a pinch'], ['Dark Chocolate Chips', '40g']]"
Veal Tonnato, Appetizers, "[['Veal', '800g'], ['Celery', '1'], ['Carrots', '1'], ['Golden Onions', '1'], ['Garlic', '1'], ['White Wine', '250g'], ['Water', '5l'], ['Bay Leaf', '1'], ['Cloves', '3'], [""Extra Virgin Olive Oil"", '3'], ['Black Peppercorns', '½'], ['Fine Salt', '2 pinches'], ['Eggs', '2'], [""Canned Tuna"", '100g'], [""Canned Anchovies"", '3'], ['Salted Capers', '5g'], ['Capers', 'to taste']]"
Baked Pasta, First Courses, "[['Rigatoni', '600g'], ['Eggs', '4'], ['Parmigiano Reggiano DOP', '3'], ['Scamorza Cheese', '300g'], ['Pork', '250g'], ['Sausage', '150g'], ['Parmigiano Reggiano DOP', '100g'], ['Bread', '100g'], ['Parsley', '2'], ['Eggs', '2'], ['Fine Salt', 'to taste'], ['Black Pepper', 'to taste'], ['Nutmeg', 'a pinch'], ['Tomato Puree', '1l'], ['White Onions', '1'], ['Garlic', '1'], [""Extra Virgin Olive Oil"", '4'], ['Fine Salt', 'to taste'], ['Basil', '5'], ['Black Pepper', 'to taste'], ['Whole Milk', '1l'], ['Flour', '80g'], ['Butter', '80g'], ['Fine Salt', 'to taste'], ['Nutmeg', 'a pinch']]"
Beef Stew, Second Courses, "[['Beef', '1kg'], ['Beef Broth', '5l'], ['Onions', '1'], ['Carrots', '1'], ['Celery', '1'], ['Red Wine', '1'], [""Extra Virgin Olive Oil"", '4'], ['Butter', '30g'], ['Flour', '30g'], ['Rosemary', '1'], ['Thyme', '1'], ['Sage', '3'], ['Black Pepper', 'to taste'], ['Fine Salt', 'to taste']]"
Orecchiette with Broccoli Rabe, First Courses, "[['Broccoli Rabe', '1kg'], ['Breadcrumbs', '50g'], ['Fine Salt', 'to taste'], ['Garlic', '1'], [""Canned Anchovies"", '3'], [""Extra Virgin Olive Oil"", '30g'], ['Water', '100g'], ['Semolina Flour', '200g'], ['Fine Salt', 'to taste']]"
Lemon Chicken, Second Courses, "[['Chicken Breast', '600g'], ['Flour', 'to taste'], [""Extra Virgin Olive Oil"", 'to taste'], ['Oregano', 'to taste'], ['Lemon Zest', '1'], ['Lemon Juice', '100g'], ['Water', '200g'], ['Cornstarch', '20g'], ['Sugar', '10g'], ['Fine Salt', 'to taste'], ['Soy Sauce', '10g']]"
Osso Buco Milanese, Second Courses, "[['Veal Shanks', '300g12kg'], ['Beef Broth', '500g'], ['Golden Onions', '250g'], ['Flour', '50g'], ['White Wine', '50g'], [""Extra Virgin Olive Oil"", '50g'], ['Butter', '40g'], ['Fine Salt', 'to taste'], ['Black Pepper', 'to taste'], ['Parsley', '1'], ['Garlic', '2'], ['Lemon Zest', '1']]"
Gratinated Mussels, Appetizers, "[['Mussels', '500g'], ['Breadcrumbs', '100g'], ['Grana Padano DOP', '1 tablespoon'], ['Garlic', '1'], ['Lemon Zest', '1'], ['Parsley', '10g'], [""Extra Virgin Olive Oil"", '30g'], ['Black Pepper', 'to taste']]"
Macarons, Desserts, "[['Almond Flour', '125g'], ['Powdered Sugar', '125g'], ['Egg Whites', '875g'], ['Sugar', '135g'], ['Water', '32g'], ['Fresh Liquid Cream', '90g'], ['White Chocolate', '180g'], ['Butter', '12g'], ['Vanilla Bean', '1']]"
Apple Strudel, Desserts, "[['Flour', '130g'], ['Water', '30ml'], ['Seed Oil', '9g'], ['Eggs', '54g'], ['Salt', 'a pinch'], ['Golden Apples', '750g'], ['Sugar', '60g'], ['Breadcrumbs', '60g'], ['Butter', '50g'], ['Raisins', '50g'], ['Pine Nuts', '25g'], ['Ground Cinnamon', '1 teaspoon'], ['Rum', '2'], ['Lemon Zest', '1'], ['Powdered Sugar', 'to taste']]"
Milk Buns, Leavened, "[['Manitoba Flour', '150g'], ['Flour', '350g'], ['Fresh Yeast', '7g'], ['Whole Milk', '300g'], ['Butter', '50g'], ['Sugar', '60g'], ['Fine Salt', '7g'], ['Eggs', '1'], ['Whole Milk', '20g']]"
Hummus, Appetizers, "[['Cooked Chickpeas', '600g'], ['Sesame Seeds', '100g'], ['Water', '150g'], ['Lemon Juice', '½'], ['Sesame Oil', '30g'], ['Paprika', '1 teaspoon'], ['Garlic', '1'], ['Fine Salt', 'to taste'], ['Black Pepper', 'to taste'], ['Parsley', '1']]}"
Filetto in crosta,Second Courses,"[['Beef fillet', '800g'], ['Raw ham', '200g'], ['Champignon mushrooms', '400g'], ['Garlic', '1'], ['Butter', '20g'], ['Extra virgin olive oil', '6'], ['Egg yolks', '1'], ['Fresh liquid cream', '30ml'], ['Fine salt', 'to taste'], ['Black pepper', 'to taste'], ['Pasta brisé', '250g']]"
Pan di Spagna,Desserts,"[['Eggs', '5'], ['Sugar', '150g'], ['Vanilla bean', '1'], ['Flour', '75g'], ['Potato starch', '75g'], ['Fine salt', 'a pinch']]"
Biscotti con gocce di cioccolato,Desserts,"[['Chocolate chips', '100g'], ['Flour', '500g'], ['Eggs', '2'], ['Brown sugar', '200g'], ['Vanilla bean', '1'], ['Baking soda', '3g'], ['Fine salt', 'a pinch'], ['Butter', '180g']]"
Risotto ai frutti di mare,First Courses,"[['Carnaroli rice', '320g'], ['Mussels', '1kg'], ['Clams', '500g'], ['Squid', '350g'], ['Shrimp', '300g'], ['Parsley', '1'], ['Garlic', '2'], ['White wine', '90g'], ['Vegetable broth', 'to taste'], ['Extra virgin olive oil', 'to taste'], ['Butter', '70g'], ['Fresh spring onion', '50g'], ['Celery', '25g'], ['Carrots', '25g'], ['Chili pepper', '1'], ['Fine salt', 'to taste'], ['Black pepper', 'to taste']]"
Salmone croccante,Second Courses,"[['Salmon fillet', '250g1kg'], ['Bread', '100g'], ['Parsley', '1'], ['Dill', '1'], ['Thyme', '4'], ['Rosemary', '2'], ['Lemon zest', '1'], ['Extra virgin olive oil', '50g'], ['White peppercorns', '1 teaspoon'], ['Fine salt', 'to taste']]"
Biscotti semplici decorati,Desserts,"[['Flour', '300g'], ['Powdered sugar', '100g'], ['Butter', '100g'], ['Eggs', '110g'], ['Lemon zest', '½'], ['Baking powder for desserts', '2g'], ['Powdered sugar', '250g'], ['Water', '40g'], ['Food colorings', 'to taste']]"
Flan di zucca,Antipasti,"[['Pumpkin', '500g'], ['Parmigiano Reggiano DOP', '100g'], ['Whole milk', '1 tablespoon'], ['Extra virgin olive oil', 'to taste'], ['Black pepper', 'to taste'], ['Fine salt', 'to taste'], ['Rosemary', 'to taste'], ['Nutmeg', 'to taste'], ['Eggs', '4'], ['Goat cheese', '240g'], ['Fresh liquid cream', '100ml'], ['Black pepper', 'to taste'], ['Fine salt', '1 pinch'], ['Butter', 'to taste']]"
Cream tart,Desserts,"[['Flour', '140g'], ['Almond flour', '125g'], ['Butter', '125g'], ['Eggs', '50g'], ['Sugar', '25g'], ['Fresh liquid cream', '200g'], ['Mascarpone', '200g'], ['Powdered sugar', '50g'], ['Vanilla bean', '½'], ['Macarons', '4'], ['Strawberries', 'to taste'], ['Blackberries', 'to taste'], ['Dark chocolate', 'to taste'], ['Powdered sugar', 'to taste']]"
Panzerotti (calzoni) fritti,Lievitati,"[['Flour', '250g'], ['Manitoba flour', '250g'], ['Water', '285g'], ['Extra virgin olive oil', '8g'], ['Fresh yeast', '5g'], ['Sugar', '5g'], ['Fine salt', '10g'], ['Fiordilatte cheese', '250g'], ['Tomato puree', '200g'], ['Fine salt', 'to taste'], ['Oregano', 'to taste'], ['Extra virgin olive oil', 'to taste'], ['Seed oil', 'to taste']]"
Cavolfiori gratinati,Contorni,"[['Cauliflower', '1kg'], ['Parmigiano Reggiano DOP', '35g'], ['Butter', '30g'], ['Flour', '20g'], ['Whole milk', '300g'], ['Nutmeg', 'to taste'], ['Fine salt', 'to taste'], ['Black pepper', 'to taste']]"
Orata al forno,Second Courses,"[['Sea bream', '900g'], ['Potatoes', '400g'], ['Garlic', '2'], ['Rosemary', '1'], ['Thyme', '1'], ['Oregano', '1 pinch'], ['Lemons', '2'], ['Flakes of salt', 'to taste'], ['Black pepper', 'to taste'], ['Fine salt', 'to taste'], ['Extra virgin olive oil', '40g']]"
Focaccia,Lievitati,"[['0 flour', '470g'], ['Dry yeast', '5g'], ['Sugar', '16g'], ['Water', '230g'], ['Whole milk', '115g'], ['Extra virgin olive oil', '45g'], ['Fine salt', '12g'], ['Rosemary', 'to taste'], ['Flakes of salt', 'to taste'], ['Extra virgin olive oil', '40g']]"
Pollo alle mandorle,Second Courses,"[['Chicken breast', '200g'], ['Egg whites', '½'], ['Peanut oil', '5g'], ['Water', '20g'], ['Potato starch', '5g'], ['Fine salt', 'to taste'], ['White pepper', 'to taste'], ['Peeled almonds', '20g'], ['Peanut oil', 'to taste'], ['Bamboo shoots', '80g'], ['Peanut oil', '15g'], ['Water', '95g'], ['Soy sauce', '2'], ['Soy sauce', '1 teaspoon'], ['Potato starch', 'to taste'], ['Fine salt', 'to taste']]"
Crostata alla Nutella,Desserts,"[['Butter', '110g'], ['Flour', '215g'], ['Egg yolks', '3'], ['Powdered sugar', '85g'], ['Nutella', '400g'], ['Cocoa butter', '90g'], ['Fresh liquid cream', 'to taste']]"
Calamari ripieni,Second Courses,"[['Squid', '500g'], ['White wine', '40g'], ['Garlic', '1'], ['Parsley', '5g'], ['Extra virgin olive oil', 'to taste'], ['Bread', '100g'], ['Anchovies in oil', '6'], ['Egg', '1'], ['Parmigiano Reggiano DOP', '30g'], ['White wine', '40g'], ['Garlic', '1'], ['Parsley', '5g'], ['Fine salt', 'to taste'], ['Black pepper', 'to taste'], ['Extra virgin olive oil', 'to taste']]"
Penne al baffo,First Courses,"[['Whole wheat mezze penne', '320g'], ['Cooked ham', '100g'], ['Fresh liquid cream', '300g'], ['Tomato puree', '25g'], ['Parsley', 'to taste'], ['Fine salt', 'to taste'], ['Extra virgin olive oil', 'to taste'], ['Black pepper', 'to taste']]"
Torta alla ricotta e cioccolato,Desserts,"[['Cow's ricotta', '250g'], ['Dark chocolate', '80g'], ['Eggs', '150g'], ['Sugar', '180g'], ['Butter', '80g'], ['Flour', '250g'], ['Baking powder for desserts', '16g'], ['Whole milk', '40g'], ['Powdered sugar', 'to taste']]"
Rotolo alla Nutella,Desserts,"[['Eggs', '4'], ['Sugar', '115g'], ['Flour', '80g'], ['Vanilla extract', '1 teaspoon'], ['Nutella', '350g'], ['Powdered sugar', 'to taste'], ['Unsweetened cocoa powder', 'to taste']]"
Torta al cioccolato,Desserts,"[['Dark chocolate', '150g'], ['Unsweetened cocoa powder', '50g'], ['Flour', '180g'], ['Sugar', '180g'], ['Eggs', '6'], ['Butter', '200g'], ['Baking powder for desserts', '8g'], ['Fine salt', '1 pinch']]"
Zuppa di ceci,First Courses,"[['Dried chickpeas', '300g'], ['Carrots', '1'], ['Celery', '1'], ['White onions', '½'], ['Leeks', '1'], ['Extra virgin olive oil', '3'], ['Rosemary', '2'], ['Fine salt', 'to taste'], ['Black pepper', 'to taste'], ['Bay leaves', '2'], ['Vegetable broth', '5l'], ['Tomato puree', '60g']]"
Casetta di pan di spezie,Desserts,"[['Flour', '845g'], ['Eggs', '2'], ['Egg yolks', '1'], ['Butter', '275g'], ['Sugar', '400g'], ['Honey', '125g'], ['Ground cinnamon', '10g'], ['Cloves', '3'], ['Nutmeg', '3g'], ['Ground ginger', '7g'], ['Fine salt', '1 pinch'], ['Baking soda', '10g'], ['Almonds', '300g'], ['Sugar', '350g'], ['Water', '60g'], ['Lemon juice', '1 teaspoon'], ['Egg whites', '100g'], ['Powdered sugar', '600g'], ['Chocolate candies', 'to taste'], ['Smarties', 'to taste'], ['Colored balls', 'to taste'], ['Chocolate', 'to taste'], ['Food decoration', 'to taste'], ['Nougat', 'to taste']]"
Plumcake allo yogurt,Desserts,"[['Flour', '300g'], ['Eggs', '300g'], ['Butter', '200g'], ['Powdered sugar', '200g'], ['Greek yogurt', '150g'], ['Potato starch', '50g'], ['Baking powder for desserts', '15g'], ['Vanilla bean', '1'], ['Fine salt', '4g'], ['Butter', 'to taste'], ['Flour', 'to taste']]"
Insalata di polpo prezzemolata,Antipasti,"[['Octopus', '1kg'], ['Carrots', '1'], ['Celery', '1'], ['Garlic', '1'], ['Bay leaves', '2'], ['Black peppercorns', 'to taste'], ['Fine salt', 'to taste'], ['Parsley', '10g'], ['Lemon juice', '10g'], ['Extra virgin olive oil', '30g'], ['Black pepper', '1 pinch'], ['Fine salt', '1 pinch']]"
Sformatini di spinaci,Antipasti,"[['Spinach', '500g'], ['Eggs', '4'], ['Nutmeg', '2g'], ['Fine salt', 'to taste'], ['Pine nuts', '20g'], ['Breadcrumbs', 'to taste'], ['Seed oil', 'to taste'], ['Parmigiano Reggiano DOP', '100g'], ['Black pepper', 'to taste'], ['Extra virgin olive oil', 'to taste'], ['Whole milk', '1 tablespoon'], ['Whole milk', '250ml'], ['Butter', '15g'], ['Parmigiano Reggiano DOP', '25g'], ['Flour', '25g']]"
Sushi,Piatti Unici,"[['Nishiki rice', '500g'], ['Water', '500g'], ['Rice vinegar', '75g'], ['Fine salt', '19g'], ['Sugar', '30g'], ['Kombu seaweed', '5g']]"
Biscotti allo yogurt,Desserts,"[['Flour', '300g'], ['Eggs', '60g'], ['Low-fat yogurt', '120g'], ['Sugar', '90g'], ['Baking powder for desserts', '8g'], ['Vanilla bean', '½'], ['Sunflower seed oil', '50g'], ['Lemon zest', '1'], ['Fine salt', '1 pinch'], ['Powdered sugar', 'to taste']]"
Canestrelli,Desserts,"[['Flour', '300g'], ['Potato starch', '200g'], ['Butter', '300g'], ['Powdered sugar', '150g'], ['Lemon zest', '1'], ['Egg yolks', '6'], ['Vanilla bean', '1'], ['Powdered sugar', 'to taste']]"
Lasagne con la zucca,First Courses,"[['Egg pasta', '200g'], ['Smoked scamorza cheese', '400g'], ['Fiordilatte cheese', '200g'], ['Grana Padano DOP', '100g'], ['Extra virgin olive oil', 'to taste'], ['Sage', 'to taste'], ['Black pepper', 'to taste'], ['Whole milk', '1l'], ['Butter', '100g'], ['Flour', '100g'], ['Nutmeg', 'to taste'], ['Fine salt', 'to taste'], ['Pumpkin', '8kg'], ['Garlic', '3'], ['Rosemary', 'to taste'], ['Fine salt', 'to taste'], ['Black pepper', 'to taste'], ['Nutmeg', 'to taste'], ['Extra virgin olive oil', '25g']]"
Risotto alla salsiccia,First Courses,"[['Carnaroli rice', '320g'], ['Sausage', '300g'], ['Meat broth', 'to taste'], ['Saffron', '1'], ['White wine', '½'], ['Shallot', '1'], ['Black pepper', 'to taste'], ['Extra virgin olive oil', 'to taste'], ['Butter', '40g'], ['Parmigiano Reggiano DOP', '50g']]"
Dolcetti al cocco,Desserts,"[['Desiccated coconut', '150g'], ['Sugar', '120g'], ['Egg whites', '90g']]"
Vin brule' (Mulled wine),Bevande,"[['Red wine', '1l'], ['Sugar', '100g'], ['Lemon zest', '1'], ['Orange zest', '1'], ['Cinnamon sticks', '2'], ['Cloves', '8'], ['Juniper berries', '5'], ['Star anise', '1'], ['Nutmeg', 'to taste']]"
Risotto alla crema di scampi,First Courses,"[['Carnaroli rice', '320g'], ['Scampi', '2kg'], ['Extra virgin olive oil', '50g'], ['Shallot', '60g'], ['Garlic', '1'], ['Fine salt', 'to taste'], ['Black pepper', 'to taste'], ['Fresh liquid cream', '45g'], ['Lemons', '1'], ['Thyme', 'to taste'], ['Shallot', '40g'], ['Brandy', '30g'], ['Extra virgin olive oil', '30g'], ['Parsley', '1'], ['Water', '2l'], ['Scampi', 'heads and shells'], ['Garlic', '1'], ['Peppercorns', 'to taste'], ['Coarse salt', 'to taste'], ['Tomato paste', '1 tablespoon']]"
Cioccolata calda,Desserts,"[['Whole milk', '500g'], ['Dark chocolate 60-69%', '120g'], ['Unsweetened cocoa powder', '20g'], ['Cornstarch (maizena)', '20g'], ['Sugar', '20g']]"
Puré di patate,Contorni,"[['Potatoes', '1kg'], ['Whole milk', '200g'], ['Butter', '30g'], ['Parmigiano Reggiano DOP', '30g'], ['Fine salt', 'to taste'], ['Nutmeg', 'to taste']]"
Pollo alla cacciatora,Second Courses,"[['Chicken', '3kg'], ['Peeled tomatoes', '400g'], ['Golden onions', '1'], ['Carrots', '1'], ['Celery', '1'], ['Garlic', '1'], ['Red wine', '100g'], ['Extra virgin olive oil', 'to taste'], ['Rosemary', '1'], ['Parsley', '1'], ['Fine salt', 'to taste'], ['Black pepper', 'to taste']]"
Polpette di melanzane,Antipasti,"[['Eggplants', '800g'], ['Breadcrumbs', '120g'], ['Parmigiano Reggiano DOP', '120g'], ['Egg', '1'], ['Garlic', '1'], ['Black pepper', 'to taste'], ['Fine salt', 'to taste'], ['Parsley', 'to taste'], ['Seed oil', 'to taste']]"
Baci di dama,Desserts,"[['Butter', '300g'], ['Sugar', '300g'], ['Almond flour', '300g'], ['Flour', '300g'], ['Egg whites', '50g'], ['Fine salt', '3g'], ['Dark chocolate', '375g']]"
Pasta frolla morbida,Desserts,"[['Flour', '500g'], ['Butter', '250g'], ['Powdered sugar', '200g'], ['Eggs', '2'], ['Baking powder for desserts', '8g'], ['Lemon zest', '1'], ['Fine salt', '1 pinch']]"
Crostata alla frutta,Desserts,"[['Egg yolks', '2'], ['Flour', '250g'], ['Vanilla bean', '1'], ['Powdered sugar', '100g'], ['Butter', '150g'], ['Lemon zest', '½'], ['Sugar', '120g'], ['Egg yolks', '4'], ['Whole milk', '500g'], ['Cornstarch (maizena)', '40g'], ['Flour', '20g'], ['Strawberries', '250g'], ['Kiwi', '2'], ['Pineapple', '4'], ['Blueberries', '20g'], ['Raspberries', '20g'], ['Blackberries', '20g'], ['Mint', 'to taste']]"
Canederli alla tirolese (Knödel),First Courses,"[['Stale bread', '250g'], ['Speck', '150g'], ['White onions', '50g'], ['Eggs', '2'], ['Whole milk', '250g'], ['Butter', '10g'], ['Black pepper', 'to taste'], ['Parsley', 'to taste'], ['Chives', 'to taste']]"
Casatiello napoletano,Lievitati,"[['Water', '375g'], ['Flour', '650g'], ['Fresh yeast', '10g'], ['Fine salt', '15g'], ['Black pepper', 'to taste'], ['Lard', '25g'], ['Extra virgin olive oil', '25g'], ['Neapolitan salami', '150g'], ['Pecorino', '150g'], ['Eggs', '4']]"
Cheesecake ai frutti di bosco,Desserts,"[['Digestive biscuits', '180g'], ['Butter', '100g'], ['Cow's ricotta', '500g'], ['Cream cheese', '250g'], ['Fresh liquid cream', '100g'], ['Powdered sugar', '150g'], ['Gelatin sheets', '10g'], ['Lemon zest', '1'], ['Blackberries', '190g'], ['Blueberries', '180g'], ['Raspberries', '180g'], ['Redcurrants', '135g'], ['Powdered sugar', '100g'], ['Lemon juice', '70g'], ['Cornstarch (maizena)', '35g'], ['Mixed berries', '280g'], ['Mixed berries', '50g'], ['Mint', 'to taste']]"
Passatelli in brodo,First Courses,"[['Eggs', '170g'], ['Breadcrumbs', '140g'], ['Parmigiano Reggiano DOP', '100g'], ['Lemon zest', '½'], ['Nutmeg', 'to taste'], ['Fine salt', 'to taste'], ['Meat broth', '1l'], ['Flour', '10g']]"
Cassata siciliana,Desserts,"[['Dark chocolate chips', '100g'], ['Candied orange', '50g'], ['Sheep's ricotta', '2kg'], ['Powdered sugar', '280g'], ['Eggs', '10'], ['Flour', '300g'], ['Sugar', '300g'], ['Fine salt', '1 pinch'], ['Sugar', '50g'], ['Water', '150ml'], ['Maraschino', '½'], ['Lemon zest', '½'], ['Powdered sugar', '350g'], ['Water', 'to taste'], ['Candied fruit', 'to taste'], ['Marzipan', '200g'], ['Pistachio paste', '20g'], ['Egg whites', '1'], ['Vanilla powdered sugar', '150g']]"
Saltimbocca alla Romana,Second Courses,"[['Veal slices', '300g'], ['Raw ham', '40g'], ['Sage', '4'], ['Butter', '50g'], ['White wine', '100g'], ['Black pepper', 'to taste'], ['Flour', '50g'], ['Extra virgin olive oil', '20g'], ['Water', '20g']]"
Pizza di scarola,Lievitati,"[['0 flour', '700g'], ['Water', '500ml'], ['Fresh yeast', '4g'], ['Fine salt', '20g'], ['Escarole (endive)', '100g'], ['Gaeta olives', '60g'], ['Salted capers', '20g'], ['Anchovies in oil', '10g'], ['Extra virgin olive oil', '10g'], ['Extra virgin olive oil', 'to taste']]"
Muffin salati con piselli e prosciutto,Antipasti,"[['Peas', '200g'], ['Cooked ham', '100g'], ['Flour', '200g'], ['Whole milk', '100ml'], ['Eggs', '170g'], ['Parsley', '1'], ['Extra virgin olive oil', 'to taste'], ['Pecorino cheese', '100g'], ['Instant yeast for savory preparations', '10g'], ['Fine salt', 'to taste'], ['Black pepper', 'to taste'], ['Seed oil', '100ml']]"
Tarte tatin,Desserts,"[['Chantecler apples', '4'], ['Sugar', 'to taste'], ['Flakes of salt', 'to taste'], ['Flour', '250g'], ['Butter', '125g'], ['Egg yolks', '1'], ['Water', '50g'], ['Fine salt', 'to taste'], ['Sugar', '150g'], ['Butter', '60g'], ['Water', 'to taste']]"
Fennel and orange salad,Insalate,"[['Fennels', '840g'], ['Oranges', '2'], ['Pine nuts', '50g'], ['Raisins', '20g'], ['Salt', 'to taste'], ['Olive oil', '50g'], ['Vinegar', '3g'], ['Pumpkin seeds', '8g']]"
Pasta and potatoes Neapolitan style,First Courses,"[['Mixed pasta', '320g'], ['Potatoes', '750g'], ['Celery', '150g'], ['Carrots', '150g'], ['White onions', '1'], ['Lard', '130g'], ['Tomato paste', '20g'], ['Rosemary', '1'], ['Parmigiano Reggiano DOP', '1'], ['Olive oil', 'to taste'], ['Fine salt', 'to taste'], ['Black pepper', 'to taste']]"
Potato croquettes,Antipasti,"[['Red potatoes', '1kg'], ['Egg yolks', '30g'], ['Nutmeg', 'to taste'], ['Black pepper', 'to taste'], ['Fine salt', 'to taste'], ['Parmigiano Reggiano DOP', '100g'], ['Eggs', '130g'], ['Breadcrumbs', 'to taste'], ['Peanut oil', 'to taste']]"
Savory panettone,Antipasti,"[['Manitoba flour', '150g'], ['Whole milk', '100g'], ['Dry yeast', '2g'], ['Flour', '400g'], ['Whole milk', '120g'], ['Butter', '80g'], ['Sugar', '40g'], ['Eggs', '1'], ['Egg yolks', '1'], ['Dry yeast', '2g'], ['Fine salt', '8g'], ['Malt', '2g'], ['Cream cheese', '100g'], ['Fresh cream', '10g'], ['Fine salt', 'to taste'], ['Black pepper', 'to taste'], ['Chives', '15g'], ['Smoked salmon', '80g'], ['Asparagus', '150g'], ['Robiola cheese', '100g'], ['Fine salt', 'to taste'], ['Black pepper', 'to taste'], ['Goat cheese', '160g'], ['Tomato paste', '10g'], ['Fresh cream', '20g'], ['Radicchio', '40g'], ['Cooked ham', '100g'], ['Black pepper', 'to taste'], ['Fine salt', 'to taste'], ['Shrimp', '170g'], ['Chives', '5g'], ['Cocktail sauce', '80g']]"
Pasta and lentils,First Courses,"[['Ditaloni Rigati', '350g'], ['Lentils', '200g'], ['Smoked pancetta', '80g'], ['Tomato purée', '100g'], ['Carrots', '80g'], ['Onions', '80g'], ['Celery', '60g'], ['Vegetable broth', '1l'], ['Fresh garlic', '1'], ['Rosemary', '1'], ['Thyme', '1'], ['Parmigiano Reggiano DOP', '40g'], ['Chili', '1g'], ['Olive oil', '30g'], ['Fine salt', 'to taste'], ['Black pepper', 'to taste']]"
Dorayaki,Desserts,"[['Water', '180g'], ['Flour', '240g'], ['Powdered sugar', '150g'], ['Eggs', '2'], ['Baking powder', '3g'], ['Honey', '20g'], ['Seed oil', 'to taste']]"
Pumpkin meatballs,Antipasti,"[['Pumpkin', '500g'], ['Breadcrumbs', '100g'], ['Parmigiano Reggiano DOP', '100g'], ['Smoked scamorza cheese', '50g'], ['Eggs', '1'], ['Sage', 'to taste'], ['Olive oil', 'to taste'], ['Fine salt', 'to taste'], ['Black pepper', 'to taste'], ['Breadcrumbs', 'to taste'], ['Seed oil', 'to taste']]"
Apricot jam tart,Desserts,"[['Flour', '250g'], ['Butter', '150g'], ['Powdered sugar', '100g'], ['Egg yolks', '80g'], ['Acacia honey', '20g'], ['Lemon zest', '½'], ['Vanilla pod', '½'], ['Fine salt', '1g'], ['Apricot jam', '250g'], ['Lemon zest', '½']]"
Porcini mushroom risotto,First Courses,"[['Carnaroli rice', '320g'], ['Porcini mushrooms', '400g'], ['Vegetable broth', '1l'], ['Golden onions', '1'], ['Garlic', '1'], ['Butter', '30g'], ['Olive oil', '2'], ['Fine salt', 'to taste'], ['Black pepper', 'to taste'], ['Parmigiano Reggiano DOP', '50g'], ['Butter', '30g'], ['Parsley', '2']]"
Spaghetti alla puttanesca,First Courses,"[['Spaghetti', '320g'], ['Canned peeled tomatoes', '800g'], ['Anchovies in oil', '25g'], ['Capers in salt', '10g'], ['Parsley', '1'], ['Gaeta olives', '100g'], ['Garlic', '3'], ['Dried chili', '2'], ['Olive oil', '30g'], ['Fine salt', 'to taste']]"
Oven-baked salmon,Second Courses,"[['Salmon steaks', '660g'], ['Potatoes', '170g'], ['Lemon zest', '1'], ['Lemon juice', '25g'], ['White wine', '25g'], ['Olive oil', '50g'], ['Parsley', '1 tablespoon'], ['Fine salt', 'to taste'], ['Black pepper', 'to taste']]"
Romagnola flatbread,Piatti Unici,"[['Flour', '500g'], ['Lard', '125g'], ['Water', '170g'], ['Fine salt', '15g'], ['Baking soda', '5']]"
Pasta with pumpkin,First Courses,"[['Farfalle', '320g'], ['Pumpkin', '600g'], ['Smoked pancetta', '60g'], ['Rosemary', '1'], ['Vegetable broth', '150g'], ['Olive oil', '50g'], ['Cow's ricotta', '40g'], ['Shallot', '30g'], ['Fine salt', 'to taste'], ['Black pepper', 'to taste']]"
Seafood salad,Antipasti,"[['Mussels', '1kg'], ['Clams', '750g'], ['Octopus', '700g'], ['Shrimp', '500g'], ['Squid', '400g'], ['Carrots', '2'], ['Celery', '2'], ['Garlic', '1'], ['Bay leaves', '4'], ['Parsley', 'to taste'], ['Black peppercorns', 'to taste'], ['Coarse salt', 'to taste'], ['Lemon juice', '40g'], ['Olive oil', '40g'], ['Parsley', 'to taste'], ['Fine salt', 'to taste'], ['Black pepper', 'to taste']]"
Oven-roasted veal roast with potatoes,Second Courses,"[['Veal flank', '600g'], ['Potatoes', '1kg'], ['White wine', '50g'], ['Rosemary', '2'], ['Garlic', '2'], ['Olive oil', '40g'], ['Fine salt', 'to taste'], ['Black pepper', 'to taste']]"
Oven-baked meatloaf,Second Courses,"[['Beef', '600'], ['Sausage', '400g'], ['Bread', '200g'], ['Pecorino cheese', '150g'], ['Whole milk', '200g'], ['Eggs', '110g'], ['Thyme', '3'], ['Nutmeg', '½'], ['Fine salt', 'to taste'], ['Black pepper', 'to taste'], ['Olive oil', 'to taste'], ['Red potatoes', '500g'], ['Shallot', '2'], ['Sage', 'to taste'], ['Thyme', '3'], ['Fine salt', 'to taste'], ['Black pepper', 'to taste'], ['Olive oil', 'to taste']]"
Puff pastry bites,Antipasti,"[['Black olives', '4'], ['Capers in vinegar', '20'], ['Provola cheese', '65g'], ['Eggs', '1'], ['Oregano', 'half tablespoon'], ['Puff pastry', '230g'], ['Anchovies in oil', '5'], ['Tomato purée', '50g'], ['Pesto alla Genovese', '3']]"
Mushroom scaloppine,Second Courses,"[['Veal', '400g'], ['Champignon mushrooms', '500g'], ['Butter', '50g'], ['Black pepper', 'to taste'], ['Flour', '40g'], ['Garlic', '1'], ['Olive oil', '10g'], ['Fine salt', 'to taste'], ['Thyme', 'to taste'], ['Rosemary', '1']]"
Hot milk cake,Desserts,"[['Whole milk', '200g'], ['Eggs', '210g'], ['Flour', '200g'], ['Sugar', '180g'], ['Butter', '60g'], ['Baking powder', '6g'], ['Lemon zest', '1'], ['Fine salt', 'a pinch']]"
Pasta alla Norma,First Courses,"[['Rigatoni', '500g'], ['Eggplants', '1'], ['Sheep ricotta', '150g'], ['Fine salt', 'to taste'], ['Costoluto tomatoes', '5kg'], ['Garlic', '4'], ['Fine salt', 'to taste'], ['Basil', '1'], ['Olive oil', 'to taste']]"
Almond brittle,Desserts,"[['Peeled almonds', '500g'], ['Sugar', '350g'], ['Acacia honey', '125g'], ['Lemon juice', 'a few drops']]"
Mozzarella in carrozza,Antipasti,"[['White bread', '12'], ['Buffalo mozzarella', '500g'], ['Fine salt', 'to taste'], ['Eggs', '5'], ['Flour', '100g'], ['Breadcrumbs', '300g'], ['Sunflower seed oil', '1l']]"
Cat's tongues,Desserts,"[['Butter', '50g'], ['Powdered sugar', '60g'], ['Egg whites', '50g'], ['Flour', '50g']]"
Mushroom risotto,First Courses,"[['Carnaroli rice', '240g'], ['Honey mushrooms', '200g'], ['Champignon mushrooms', '200g'], ['Onions', '½'], ['Butter', '80g'], ['Parmigiano Reggiano DOP', '60g'], ['Fine salt', 'to taste'], ['Parsley', 'to taste'], ['White wine', '50g'], ['Water', '1l'], ['White pepper', 'to taste'], ['Olive oil', 'to taste']]"
Venetian-style creamed cod,Antipasti,"[['Stockfish', '500g'], ['Olive oil', '280g'], ['Lemons', '½'], ['Garlic', '1'], ['Bay leaves', '2'], ['Fine salt', 'to taste'], ['Black pepper', 'to taste'], ['Parsley', 'to taste'], ['Olive oil', 'to taste']]"
Praline almonds,Desserts,"[['Almonds', '150g'], ['Sugar', '120g'], ['Water', '35g']]"
Fish soup,First Courses,"[['Shrimp', '6'], ['Cuttlefish', '400g'], ['Gurnard', '550g'], ['Monkfish tail', '500g'], ['Red mullet', '550g'], ['Olive oil', 'to taste'], ['Garlic', '2'], ['Parsley', 'to taste'], ['White wine', '50g'], ['Fine salt', 'to taste'], ['Black pepper', 'to taste'], ['Tomato purée', '500g'], ['Celery', '1'], ['Carrots', '1'], ['White onions', '1'], ['Water', '5l'], ['White peppercorns', 'to taste'], ['Parsley', 'to taste'], ['Mussels', '1kg'], ['Olive oil', 'to taste'], ['Garlic', '1']]"
Spinach and ricotta meatballs,Second Courses,"[['Spinach', '250g'], ['Cow's ricotta', '250g'], ['Grana Padano DOP', '50g'], ['Breadcrumbs', '40g'], ['Olive oil', '20g'], ['Garlic', '1'], ['Fine salt', 'to taste'], ['Black pepper', 'to taste'], ['Eggs', '1'], ['Breadcrumbs', 'to taste'], ['Fine salt', 'to taste'], ['Black pepper', 'to taste']]"
Pizza Margherita,Lievitati,"[['Manitoba flour', '200g'], ['Flour', '300g'], ['Water', '300ml'], ['Fine salt', '10g'], ['Fresh yeast', '4g'], ['Tomato purée', '300g'], ['Mozzarella', '200g'], ['Basil', 'to taste'], ['Olive oil', 'to taste'], ['Semolina flour', 'to taste']]"
Lemon cheesecake,Desserts,"[['Digestive biscuits', '200g'], ['Butter', '100g'], ['Cow's ricotta', '500g'], ['Cream cheese', '250g'], ['Lemon juice', '100g'], ['Powdered sugar', '150g'], ['Lemon zest', '2'], ['Fresh cream', '100g'], ['Gelatin sheets', '10g'], ['Lemon juice', '60g'], ['Cornstarch', '15g'], ['Water', '100g'], ['Sugar', '80g'], ['Turmeric powder', '¼'], ['Lemons', '1'], ['Mint', 'to taste'], ['Sugar', '100g'], ['Water', '80']]"
Eggless tiramisu,Desserts,"[['Fresh cream', '100g'], ['Mascarpone', '350g'], ['Coffee', '50g'], ['Ladyfingers', '8'], ['Bitter cocoa powder', 'to taste'], ['Powdered sugar', '30g']]"
Puff pastry,Desserts,"[['Flour', '175g'], ['Water', '100g'], ['Fine salt', '5g'], ['Butter', '250g'], ['Flour', '150g']]"
Duchess potatoes,Contorni,"[['Potatoes', '500g'], ['Nutmeg', 'to taste'], ['Black pepper', 'to taste'], ['Butter', '50g'], ['Egg yolks', '2'], ['Parmigiano Reggiano DOP', '50g']]"
Oven-baked prawns,Second Courses,"[['Prawns', '12'], ['Lemon juice', '40g'], ['Olive oil', '60g'], ['Fine salt', 'to taste'], ['Black pepper', 'to taste'], ['Parsley', 'to taste']]"
Black forest cake,Desserts,"[['Eggs', '6'], ['Flour', '100g'], ['Dark chocolate', '140g'], ['Butter', '75g'], ['Sugar', '180g'], ['Cornstarch', '50g'], ['Baking powder', '16g'], ['Cherries', '500g'], ['Sugar', '80g'], ['Kirsch', '70g'], ['Fresh cream', '1l'], ['Powdered sugar', '80g'], ['Cherries', '17'], ['Dark chocolate', '150g'], ['Dark chocolate', '100g']]"
Yogurt cake,Desserts,"[['Greek yogurt', '320g'], ['Eggs', '220g'], ['Butter', '150g'], ['Sugar', '200g'], ['Flour', '250g'], ['Cornstarch', '80g'], ['Lemon zest', '1'], ['Fine salt', 'a pinch'], ['Baking powder', '16g']]"
Pan di Stelle cake,Desserts,"[['Cookies', '450g'], ['Fresh cream', '600g'], ['Dark chocolate', '100g'], ['Powdered sugar', '80g'], ['Whole milk', '70g'], ['Whole milk', 'to taste'], ['Powdered sugar', 'to taste'], ['Bitter cocoa powder', 'to taste']]"
Parmesan biscuits,Antipasti,"[['Parmigiano Reggiano DOP', '100g'], ['Flour', '125g'], ['Salty butter', '80g'], ['Fine salt', 'a pinch'], ['Black pepper', 'a pinch'], ['Egg whites', '1'], ['Pine nuts', 'to taste'], ['Cumin', 'to taste'], ['Smoked salt', 'to taste'], ['Sichuan pepper', 'to taste']]"
Pretzel,Lievitati,"[['Flour', '340g'], ['Water', '185g'], ['Fine salt', '5g'], ['Dry yeast', '2g'], ['Butter', '15g'], ['Flake salt', 'to taste'], ['Baking soda', '35g'], ['Water', '2l']]"
Nutellotti,Desserts,"[['Nutella', '180g'], ['Flour', '135g'], ['Eggs', '1'], ['Nutella', '125g'], ['Hazelnut granules', '30g']]"
Fish meatballs,Second Courses,"[['Cod', '700g'], ['Bread', '100g'], ['Parsley', '1'], ['Thyme', 'to taste'], ['Eggs', '2'], ['Garlic', '1'], ['Fine salt', 'to taste'], ['Black pepper', 'to taste'], ['Parmigiano Reggiano DOP', '80g'], ['Flour', 'to taste'], ['Peanut oil', 'to taste']]"
Apple fritters,Desserts,"[['Green apples', '580g'], ['Lemon juice', '1'], ['Flour', '150g'], ['Whole milk', '200g'], ['Eggs', '2'], ['Baking powder', '8g'], ['Fine salt', 'a pinch'], ['Seed oil', 'to taste'], ['Sugar', '30g'], ['Cinnamon powder', 'to taste']]"